StateWellNumber,Aquifer,LatDD,LonDD,Avg_Fl,chtexture_texcl,Well_Depth,slope_l,slope_r,slope_h,elev_l,elev_r,elev_h,sandtotal_l,sandtotal_r,sandtotal_h,claytotal_l,claytotal_r,claytotal_h,om_l,om_r,om_h,ksat_l,ksat_r,ksat_h,awc_l,awc_r,awc_h,wsatiated_l,wsatiated_r,wsatiated_h,ll_l,ll_r,ll_h,pi_l,pi_r,pi_h,kwfact,kffact,ec_l,ec_r,ec_h,ph_l,ph_r,ph_h,PPT,Tmean,Ag_indicator,LU_Code1
625502,Dockum,35.561112,-101.927222,0.8,Loam,290,1,2,3,762,991,1219,0,33.5,0,25,30,35,0.5,0.75,1,4,9,14,0.140000001,0.170000002,0.189999998,0,39,0,28,34,40,12,17,22,0.32,0.32,0,0,0,7.400000095,7.599999905,7.800000191,476.1919861,14.31999969,0,52
641102,Dockum,35.3525,-101.9916667,0.6,Silty clay,165,5,9,12,305,534,762,0,22.10000038,0,40,50,60,0.100000001,0.550000012,1,0.01,0.209999993,0.419999987,0.100000001,0.129999995,0.150000006,0,37,0,38,49,60,20,30,40,0.24,0.24,0,1,2,7.900000095,8.199999809,8.399999619,479.4179993,14.39999962,0,21
641613,Dockum,35.295,-101.8816667,2.31,Loam,308,1,2,3,762,991,1219,0,33.5,0,25,30,35,0.5,0.75,1,4,9,14,0.140000001,0.170000002,0.189999998,0,39,0,28,34,40,12,17,22,0.32,0.32,0,0,0,7.400000095,7.599999905,7.800000191,488.9879761,14.37999916,0,21
642901,Dockum,35.2877778,-101.7513889,0.8,Clay loam,258,3,4,5,823,1044,1265,25,34.70000076,45,22,28.10000038,40,1.5,2.5,3,1.399999976,5.699999809,14,0.119999997,0.170000002,0.180000007,35,41,47,35,43,56,15,19,28,0.32,0.32,0,1,2,7.400000095,7.900000095,8.399999619,503.322998,14.21999931,1,82
650814,Dockum,35.146389,-101.814445,2.39,Clay loam,384,0,0.5,1,853,1128,1524,25,34.70000076,45,27,28.10000038,40,1.5,2.5,3,1.399999976,5.699999809,14,0.119999997,0.170000002,0.180000007,35,41,47,35,43,56,15,19,28,0.32,0.32,0,1,2,7.400000095,7.900000095,8.399999619,494.4079895,14.10999966,1,82
650902,Dockum,35.146111,-101.759167,2.74,Clay loam,427,0,0.5,1,823,1128,1433,25,34.70000076,45,22,28.10000038,40,1.5,2.5,3,1.399999976,5.699999809,14,0.119999997,0.170000002,0.180000007,35,41,47,35,43,56,15,19,28,0.32,0.32,0,1,2,7.400000095,7.900000095,8.399999619,500.6089783,14.17999935,1,82
651603,Dockum,35.205278,-101.650834,3.7,Clay loam,280,0,0.5,1,853,1128,1524,25,34.70000076,45,27,28.10000038,40,1.5,2.5,3,1.399999976,5.699999809,14,0.119999997,0.170000002,0.180000007,35,41,47,35,43,56,15,19,28,0.32,0.32,0,1,2,7.400000095,7.900000095,8.399999619,510.4049988,14.21000004,1,82
657717,Dockum,35.010834,-101.978333,1.955,Clay loam,510,0,0.5,2,670,1097,1433,30,41.20000076,65,22,29.60000038,35,0.300000012,0.460000008,1,4,9,14,0.090000004,0.119999997,0.140000001,35,38,43,32,39,45,14,20,22,0.28,0.28,0,1,2,7.900000095,8.199999809,8.399999619,478.4679871,14.42000008,0,21
658109,Dockum,35.113334,-101.868333,2.863333333,Fine sandy loam,435,1,2,3,853,1128,1402,55,68.30000305,75,10,17.20000076,20,0.5,0.800000012,1,14,28,42,0.100000001,0.140000001,0.159999996,38,44,48,22,29,33,6,11,14,0.2,0.2,0,0.100000001,2,7.400000095,8.100000381,8.399999619,487.3659973,14.11999989,0,71
658702,Dockum,35.027778,-101.845,3.35,Loam,278,0,2,3,792,1128,1615,32,44.70000076,52,15,24.60000038,26,1.5,3.299999952,3.5,4,9,14,0.100000001,0.129999995,0.159999996,19,29,39,27,38,39,8,12,12,0.17,0.37,0,0.699999988,2,7.400000095,8,8.399999619,484.7509766,14.36999989,0,52
662203,Dockum,35.118889,-101.311667,1.2,Sandy clay loam,330,3,4,5,823,1128,1433,25,43,65,22,37,40,0.100000001,0.300000012,0.5,4,9,14,0.100000001,0.129999995,0.159999996,32,37,44,32,40,51,15,17,29,0.24,0.24,0,1,2,7.900000095,8.5,9,567.3629761,14.23999977,0,71
663701,Dockum,35.020833,-101.248056,1,Silty clay loam,306,0,0.400000006,1,914,1128,1372,5,12.30000019,20,27,33.90000153,40,1.5,2.400000095,3,1.399999976,2.700000048,4,0.180000007,0.200000003,0.219999999,39,42,49,41,49,58,19,24,29,0.37,0.37,0,0.5,2,6.599999905,7.5,7.800000191,554.9500122,14.44999981,0,71
728401,Dockum,35.544445,-102.601389,1.3,Clay loam,320,1,2,3,762,1067,1372,0,34.70000076,0,20,27.5,35,0.100000001,0.300000012,0.5,4,9,14,0.100000001,0.129999995,0.150000006,0,36,0,20,27.5,35,7,12,17,0.32,0.32,0,1,2,7.900000095,8.199999809,8.399999619,457.0049744,14.19999981,0,52
730403,Dockum,35.561667,-102.355001,0.9,Loam,53,1,2,3,762,991,1219,0,41.40000153,0,13,21.5,30,1,1.5,2,4,9,14,0.119999997,0.150000006,0.180000007,0,42,0,24,28,32,8,12,16,0.32,0.32,0,0,0,6.599999905,7.199999809,7.800000191,481.9119873,14.46000004,0,71
730908,Dockum,35.5375,-102.288889,0.7,Loamy fine sand,442,0,0.5,1,213,412,610,0,83.5,0,5,10,15,0,0.25,0.5,42,92,141,0.059999999,0.090000004,0.109999999,0,42,0,0,7,14,0,0,0,0.2,0.2,0,0,0,7.400000095,7.900000095,8.399999619,480.7419739,14.46999931,0,71
738401,Dockum,35.435556,-102.339445,0.5,Silty clay loam,403,1,3,5,1524,1524,1524,0,7.300000191,0,18,26.5,35,0.100000001,0.25,0.5,4,9,14,0.140000001,0.180000007,0.209999993,0,43,0,20,25,30,5,10,15,0.49,0.49,0,1,2,7.900000095,8.199999809,8.399999619,471.5609741,14.07999992,0,52
740502,Dockum,35.446389,-102.062501,1.2,Silt loam,110,0,0.5,1,213,625,1036,0,59.59999847,0,10,14,18,0.100000001,0.300000012,0.5,14,28,42,0.140000001,0.170000002,0.200000003,0,41,0,16,23,30,0,3.5,7,0.49,0.49,0,1,2,7.900000095,8.199999809,8.399999619,475.1309814,14.92000008,0,52
743401,Dockum,35.2944444,-102.7338889,1.4,Clay loam,230,1,2,3,853,1120,1524,25,34.70000076,45,27,28.10000038,40,1.5,2.5,3,1.399999976,5.699999809,14,0.119999997,0.170000002,0.180000007,35,41,47,35,43,56,15,19,28,0.32,0.32,0,1,2,7.400000095,7.900000095,8.399999619,449.0299988,13.72999954,1,82
743605,Dockum,35.291945,-102.656945,1.4,Silty clay loam,200,1,2,3,853,1128,1433,20,38.09999847,52,18,36.90000153,40,0.050000001,0.100000001,0.300000012,4,9,14,0.07,0.100000001,0.119999997,30,36,44,22,41,47,3,20,26,0.24,0.24,0,1,2,7.900000095,8.399999619,9,449.696991,13.67999935,0,71
747401,Dockum,35.298889,-102.248889,1,Clay loam,280,0,0.5,1,853,1059,1265,25,34.70000076,45,27,28.10000038,40,1.5,2.5,3,1.399999976,5.699999809,14,0.119999997,0.170000002,0.180000007,35,41,47,35,43,56,15,19,28,0.32,0.32,0,1,2,7.400000095,7.900000095,8.399999619,467.3919983,13.93999958,0,52
750702,Dockum,35.1475,-102.865834,0.756666667,Sandy clay loam,420,3,4,5,670,1085,1158,10,29.20000076,60,20,37.40000153,40,0.25,0.430000007,0.5,4,9,14,0.119999997,0.150000006,0.159999996,34,44,45,31,46,46,12,23,24,0.32,0.32,0,1,2,7.900000095,8.5,9,452.4899902,13.72999954,0,71
752615,Dockum,35.166944,-102.516112,2.7,Clay loam,900,0,0.400000006,1,975,1189,1402,20,23.60000038,30,27,32.20000076,40,2,2.5,3,1.399999976,2.700000048,4,0.159999996,0.189999998,0.200000003,46,53,54,41,47,56,19,23,28,0.37,0.37,0,2.599999905,3,6.599999905,7.300000191,8.399999619,467.8239746,13.53999996,0,21
752902,Dockum,35.127778,-102.502223,4.47,Sandy clay loam,872,0,0.5,1,853,1128,1524,25,40.20000076,65,22,39.5,40,0.100000001,0.300000012,0.5,4,9,14,0.100000001,0.150000006,0.170000002,34,39,44,32,44,59,15,21,36,0.2,0.2,0,1,2,7.900000095,8.300000191,9,470.0029907,13.63000011,1,82
764822,Dockum,35.0297222,-102.045,2.234857143,Sandy clay loam,579,3,4,5,670,1085,1158,25,49.59999847,70,18,29.60000038,35,0.100000001,0.200000003,0.5,4,9,14,0.079999998,0.119999997,0.170000002,34,39,43,26,36,41,9,16,18,0.28,0.28,1,3.099999905,5,7.900000095,8.199999809,9,480.1409912,14.17000008,0,52
764823,Dockum,35.03,-102.051945,2.403375,Clay loam,614,0,0.5,1,853,1128,1524,25,34.70000076,45,27,28.10000038,40,1.5,2.5,3,1.399999976,5.699999809,14,0.119999997,0.170000002,0.180000007,35,41,47,35,43,56,15,19,28,0.32,0.32,0,1,2,7.400000095,7.900000095,8.399999619,480.3450012,14.17000008,0,71
764824,Dockum,35.035,-102.0541667,2.350714286,Clay loam,628,1,2,3,670,906,1143,25,32.29999924,50,18,31.60000038,35,1.5,2.5,3,4,9,14,0.119999997,0.159999996,0.180000007,42,44,47,31,47,51,12,22,23,0.28,0.28,0,1,2,7.900000095,8.199999809,8.399999619,480.3450012,14.17000008,0,52
764929,Dockum,35.030833,-102.029444,2.121375,Sandy clay loam,604,3,4,5,670,1085,1158,25,49.59999847,70,18,29.60000038,35,0.100000001,0.200000003,0.5,4,9,14,0.079999998,0.119999997,0.170000002,34,39,43,26,36,41,9,16,18,0.28,0.28,1,3.099999905,5,7.900000095,8.199999809,9,479.947998,14.17000008,0,71
764930,Dockum,35.029722,-102.033611,2.171444444,Sandy clay loam,560,3,4,5,670,1085,1158,25,49.59999847,70,18,29.60000038,35,0.100000001,0.200000003,0.5,4,9,14,0.079999998,0.119999997,0.170000002,34,39,43,26,36,41,9,16,18,0.28,0.28,1,3.099999905,5,7.900000095,8.199999809,9,479.947998,14.17000008,0,52
864301,Dockum,35.118889,-103.021111,7,Clay loam,80,1,3,5,1158,1386,1615,5,27.10000038,65,20,31,50,0.100000001,0.25,0.5,1.399999976,9,14,0.119999997,0.129999995,0.140000001,0,43,0,20,30,40,5,11,20,0.37,0.37,0,1,2,7.900000095,8.199999809,8.399999619,440.8869934,14.46000004,0,71
1001601,Dockum,34.9530556,-102.9122222,1.1,Loam,260,0,0.5,1,853,1097,1524,30,50.90000153,52,10,19.10000038,27,1.5,2.5,3,4,9,42,0.100000001,0.129999995,0.150000006,38,42,47,24,35,43,6,14,19,0.32,0.32,0,1,2,6.599999905,7.199999809,7.800000191,459.8779907,13.82999992,1,82
1002702,Dockum,34.891945,-102.851945,0.285,Clay loam,225,1,2,3,823,1128,1615,20,35.20000076,45,28,31.20000076,35,1,2.400000095,2.5,1.399999976,7.800000191,14,0.119999997,0.150000006,0.170000002,43,44,44,40,46,50,19,22,25,0.28,0.28,0,0.200000003,1,6.599999905,8.199999809,8.399999619,466.1069946,13.81999969,0,71
1005226,Dockum,34.968611,-102.442778,0.5,Sandy clay loam,980,0,0.5,1,975,1128,1433,25,43,65,22,37,40,0.100000001,0.300000012,0.5,4,9,14,0.100000001,0.129999995,0.159999996,32,37,44,32,40,51,15,21,29,0.24,0.24,0,1,2,7.900000095,8.5,9,481.7529907,13.79999924,0,21
1006832,Dockum,34.893611,-102.306945,0.8,Sandy clay loam,780,0,0.5,1,853,1128,1524,25,40.20000076,65,22,39.5,40,0.100000001,0.300000012,0.5,4,9,14,0.100000001,0.150000006,0.170000002,34,39,44,32,44,59,15,21,36,0.2,0.2,0,1,2,7.900000095,8.300000191,9,483.5899963,14.07999992,1,82
1013503,Dockum,34.802501,-102.423333,6.1925,Loam,954,3,8,12,670,1097,1433,25,49.79999924,70,18,21.29999924,35,0.100000001,0.449999988,0.75,4,9,14,0.100000001,0.140000001,0.170000002,32,39,44,26,31,45,9,13,24,0.37,0.37,0,0.5,2,7.400000095,8.199999809,8.399999619,486.2039795,13.96000004,0,22
1013639,Dockum,34.805556,-102.375278,3.15,Sandy clay loam,880,0,0.5,1,853,1128,1524,25,40.20000076,65,22,39.5,40,0.100000001,0.300000012,0.5,4,9,14,0.100000001,0.150000006,0.170000002,34,39,44,32,44,59,15,21,36,0.2,0.2,0,1,2,7.900000095,8.300000191,9,485.7819824,13.97999954,1,82
1014156,Dockum,34.836389,-102.369722,2.234,Sandy clay loam,880,0,0.5,1,853,1128,1524,25,40.20000076,65,22,39.5,40,0.100000001,0.300000012,0.5,4,9,14,0.100000001,0.150000006,0.170000002,34,39,44,32,44,59,15,21,36,0.2,0.2,0,1,2,7.900000095,8.300000191,9,485.4779968,14.00999928,0,22
1014443,Dockum,34.821389,-102.370555,2.2,Clay loam,875,1,2,3,823,1128,1615,20,35.20000076,45,28,31.20000076,35,1,2.400000095,2.5,1.399999976,7.800000191,14,0.119999997,0.150000006,0.170000002,43,44,44,40,46,50,19,22,25,0.28,0.28,0,0.200000003,1,6.599999905,8.199999809,8.399999619,485.5409851,14.00999928,0,71
1015201,Dockum,34.855001,-102.195278,2.6,Sandy clay loam,154,0,0.5,1,975,1128,1433,25,43,65,22,37,40,0.100000001,0.300000012,0.5,4,9,14,0.100000001,0.129999995,0.159999996,32,37,44,32,40,51,15,21,29,0.24,0.24,0,1,2,7.900000095,8.5,9,482.2939758,14.04999924,0,71
1015901,Dockum,34.7722222,-102.1375,1,Clay loam,340,0,0.5,1,853,1128,1524,25,34.70000076,45,27,28.10000038,40,1.5,2.5,3,1.399999976,5.699999809,14,0.119999997,0.170000002,0.180000007,35,41,47,35,43,56,15,19,28,0.32,0.32,0,1,2,7.400000095,7.900000095,8.399999619,485.2579956,13.86999989,0,71
1016103,Dockum,34.851945,-102.096389,0.7,Clay loam,220,0,0.5,2,670,1097,1433,30,41.20000076,65,22,29.60000038,35,0.300000012,0.460000008,1,4,9,14,0.090000004,0.119999997,0.140000001,35,38,43,32,39,45,14,20,22,0.28,0.28,0,1,2,7.900000095,8.199999809,8.399999619,481.7679749,13.93999958,0,71
1016104,Dockum,34.8425,-102.1213889,1.3,Clay loam,460,1,2,3,823,1128,1615,25,34.70000076,45,22,28.10000038,40,1.5,2.5,3,1.399999976,5.699999809,14,0.119999997,0.170000002,0.180000007,35,41,47,35,43,56,15,19,28,0.32,0.32,0,1,2,7.400000095,7.900000095,8.399999619,481.8609924,14.02999973,0,71
1016702,Dockum,34.7711111,-102.09,1.495,Clay loam,390,0,0.5,1,853,1128,1524,25,34.70000076,45,27,28.10000038,40,1.5,2.5,3,1.399999976,5.699999809,14,0.119999997,0.170000002,0.180000007,35,41,47,35,43,56,15,19,28,0.32,0.32,0,1,2,7.400000095,7.900000095,8.399999619,483.8509827,13.92000008,0,71
1101212,Dockum,34.983055,-101.950278,2.183333333,Clay loam,504,0,0.5,1,853,1128,1524,25,34.70000076,45,27,28.10000038,40,1.5,2.5,3,1.399999976,5.699999809,14,0.119999997,0.170000002,0.180000007,35,41,47,35,43,56,15,19,28,0.32,0.32,0,1,2,7.400000095,7.900000095,8.399999619,477.4129944,14.42000008,0,21
1101607,Dockum,34.924722,-101.881111,0.42,Clay loam,482,1,2,3,853,1120,1524,25,34.70000076,45,27,28.10000038,40,1.5,2.5,3,1.399999976,5.699999809,14,0.119999997,0.170000002,0.180000007,35,41,47,35,43,56,15,19,28,0.32,0.32,0,1,2,7.400000095,7.900000095,8.399999619,478.4229736,14.35999966,0,71
1105101,Dockum,34.9894444,-101.4744444,2.8,Silty clay loam,241,0,0.400000006,1,914,1128,1372,5,12.30000019,20,27,33.90000153,40,1.5,2.400000095,3,1.399999976,2.700000048,4,0.180000007,0.200000003,0.219999999,39,42,49,41,49,58,19,24,29,0.37,0.37,0,0.5,2,6.599999905,7.5,7.800000191,536.9679565,14.3399992,0,71
1105302,Dockum,34.999445,-101.415834,1.5,Silty clay loam,258,0,0.400000006,1,914,1128,1372,5,12.30000019,20,27,33.90000153,40,1.5,2.400000095,3,1.399999976,2.700000048,4,0.180000007,0.200000003,0.219999999,39,42,49,41,49,58,19,24,29,0.37,0.37,0,0.5,2,6.599999905,7.5,7.800000191,547.7299805,14.28999996,0,21
1105304,Dockum,34.987222,-101.389722,0.93,Clay loam,242,1,2,3,823,1128,1433,20,38.09999847,52,18,36.90000153,40,0.050000001,0.100000001,0.300000012,4,9,14,0.07,0.100000001,0.119999997,31,36,44,22,41,47,3,19,26,0.24,0.24,0,1,2,7.900000095,8.399999619,9,546.9359741,14.25,0,21
1106803,Dockum,34.9089083,-101.3260778,1.5,Silty clay loam,310,0,0.400000006,1,914,1128,1372,5,12.30000019,20,27,33.90000153,40,1.5,2.400000095,3,1.399999976,2.700000048,4,0.180000007,0.200000003,0.219999999,39,42,49,41,49,58,19,24,29,0.37,0.37,0,0.5,2,6.599999905,7.5,7.800000191,544.0280151,14.43999958,0,71
1106906,Dockum,34.914445,-101.284722,2.7675,Silty clay loam,350,0,0.400000006,1,914,1128,1372,5,12.30000019,20,27,33.90000153,40,1.5,2.400000095,3,1.399999976,2.700000048,4,0.180000007,0.200000003,0.219999999,39,42,49,41,49,58,19,24,29,0.37,0.37,0,0.5,2,6.599999905,7.5,7.800000191,553.6170044,14.46000004,0,71
1118102,Dockum,34.735834,-101.865556,2.2,Sandy clay loam,840,1,2,3,792,1128,1463,30,48.5,70,20,33.59999847,40,0.100000001,0.25,0.5,4,9,14,0.090000004,0.109999999,0.129999995,34,38,42,24,38,51,4,16,27,0.2,0.2,0,1,2,7.900000095,8.399999619,9,471.0109863,14.13999939,0,71
1118104,Dockum,34.735556,-101.865001,2.89,Sandy clay loam,830,1,2,3,792,1128,1463,30,48.5,70,20,33.59999847,40,0.100000001,0.25,0.5,4,9,14,0.090000004,0.109999999,0.129999995,34,38,42,24,38,51,4,16,27,0.2,0.2,0,1,2,7.900000095,8.399999619,9,471.0109863,14.13999939,0,71
1121604,Dockum,34.689722,-101.380833,3.75,Clay loam,400,0,0.5,1,853,1128,1524,25,34.70000076,45,27,28.10000038,40,1.5,2.5,3,1.399999976,5.699999809,14,0.119999997,0.170000002,0.180000007,35,41,47,35,43,56,15,19,28,0.32,0.32,0,1,2,7.400000095,7.900000095,8.399999619,519.9989624,14.82999992,0,71
1126611,Dockum,34.546667,-101.768611,1.425,Silty clay,825,0,0.400000006,1,975,1128,1402,5,13.80000019,25,35,39.09999847,45,0.100000001,0.300000012,0.5,1.399999976,2.700000048,4,0.119999997,0.140000001,0.180000007,35,42,50,42,44,57,16,18,33,0.37,0.37,0,1.899999976,2,7.900000095,8,8.399999619,513.1268921,14.42999935,0,22
1126612,Dockum,34.558889,-101.776944,1.235,Silty clay,801,0,0.400000006,1,975,1128,1402,5,13.80000019,25,35,39.09999847,45,0.100000001,0.300000012,0.5,1.399999976,2.700000048,4,0.119999997,0.140000001,0.180000007,35,42,50,42,44,57,16,18,33,0.37,0.37,0,1.899999976,2,7.900000095,8,8.399999619,512.7879639,14.36999989,0,71
1126916,Dockum,34.515278,-101.762778,1.926666667,Sandy clay loam,860,1,2,3,853,1190,1524,25,40.20000076,65,22,39.5,40,0.100000001,0.300000012,0.5,4,9,14,0.100000001,0.150000006,0.170000002,34,39,44,32,44,60,15,21,36,0.2,0.2,0,1,2,7.900000095,8.300000191,9,513.0910034,14.43999958,0,71
1129504,Dockum,34.551945,-101.440278,2.065,Loam,502,5,12,20,549,732,914,30,41.59999847,52,15,21,27,0.100000001,0.550000012,1,4,9,14,0.100000001,0.129999995,0.159999996,34,39,44,24,32,39,8,14,19,0.28,0.28,1,4,5,7.900000095,8.300000191,8.399999619,525.9920044,15.0899992,0,71
1130602,Dockum,34.552223,-101.256112,0.3,Clay loam,532,0,0.5,1,853,1128,1524,25,34.70000076,45,27,28.10000038,40,1.5,2.5,3,1.399999976,5.699999809,14,0.119999997,0.170000002,0.180000007,35,41,47,35,43,56,15,19,28,0.32,0.32,0,1,2,7.400000095,7.900000095,8.399999619,540.7769775,14.62999916,0,71
1139904,Dockum,34.386667,-101.135,2.9,Silt loam,150,10,20,30,305,534,762,0,26.29999924,0,15,21,27,0.5,0.75,1,4,9,14,0.150000006,0.200000003,0.239999995,0,43,0,22,28.5,35,6,10,14,0.43,0.43,0,0,0,7.400000095,7.900000095,8.399999619,584.473999,15.82999992,0,52
1140705,Dockum,34.380555,-101.110278,3.15,Silt loam,120,10,20,30,305,534,762,0,26.29999924,0,15,21,27,0.5,0.75,1,4,9,14,0.150000006,0.200000003,0.239999995,0,43,0,22,28.5,35,6,10,14,0.43,0.43,0,0,0,7.400000095,7.900000095,8.399999619,588.1530151,15.82999992,0,52
1155210,Dockum,34.212501,-101.180555,2.92,Clay loam,300,3,4,5,975,1204,1433,25,38,65,22,33,40,0.100000001,0.5,0.699999988,1.399999976,5.699999809,14,0.100000001,0.150000006,0.180000007,34,40,44,32,42,51,15,21,29,0.28,0.28,0,1,2,7.900000095,8.399999619,9,566.9630127,15.35999966,0,21
1156507,Dockum,34.178889,-101.082222,1.336666667,Clay loam,337,3,4,5,975,1204,1433,25,38,65,22,33,40,0.100000001,0.5,0.699999988,1.399999976,5.699999809,14,0.100000001,0.150000006,0.180000007,34,40,44,32,42,51,15,21,29,0.28,0.28,0,1,2,7.900000095,8.399999619,9,578.6289673,15.50999928,0,71
1156703,Dockum,34.150278,-101.117222,3,Silty clay loam,310,3,4,5,853,998,1433,20,39.59999847,52,15,34.59999847,40,0.050000001,0.100000001,0.300000012,4,9,14,0.07,0.100000001,0.119999997,31,36,44,21,39,47,2,19,26,0.28,0.28,0,1,2,7.900000095,8.399999619,9,574.9249878,15.21999931,1,82
1164503,Dockum,34.059167,-101.060556,0.75,Fine sandy loam,136,0,0.5,2,792,975,1494,50,66.09999847,70,5,14,18,0.5,0.75,1,14,28,42,0.100000001,0.119999997,0.150000006,0,41,0,17,26,31,2,9,12,0.2,0.2,0,0,0,7.900000095,8.199999809,8.399999619,567.7579956,15.67000008,0,21
1164802,Dockum,34.028333,-101.062778,2.288333333,Silty clay loam,298,3,4,5,853,998,1433,20,39.59999847,52,15,34.59999847,40,0.050000001,0.100000001,0.300000012,4,9,14,0.07,0.100000001,0.119999997,31,36,44,21,39,47,2,19,26,0.28,0.28,0,1,2,7.900000095,8.399999619,9,564.7869873,15.36999989,0,71
1164901,Dockum,34.040278,-101.031111,1.93,Loam,200,0,0.5,1,274,518,762,0,42.09999847,0,15,20,25,1,2,3,4,9,14,0.119999997,0.150000006,0.180000007,0,39,0,20,27.5,35,4,9.5,15,0.28,0.28,0,1,2,6.599999905,7.199999809,7.800000191,568.5119019,15.67000008,0,71
2201301,Dockum,33.975,-100.905556,0.41,Loam,134,0,0.5,1,274,518,762,0,42.09999847,0,15,20,25,1,2,3,4,9,14,0.119999997,0.150000006,0.180000007,0,39,0,20,27.5,35,4,9.5,15,0.28,0.28,0,1,2,6.599999905,7.199999809,7.800000191,575.7179565,16.07989883,0,71
2209401,Dockum,33.816944,-100.961389,1.25,Loam,185,3,12,20,732,1021,1311,35,50.79999924,52,10,19.10000038,25,0.5,1.5,2,4,9,14,0.100000001,0.129999995,0.150000006,37,50,53,22,33,39,6,12,15,0.32,0.32,0,1.399999976,2,6.599999905,7.800000191,8.399999619,567.6079102,16.09000015,0,71
2209701,Dockum,33.778055,-100.963612,1.54,Loam,219,3,12,20,732,1021,1311,35,50.79999924,52,10,19.10000038,25,0.5,1.5,2,4,9,14,0.100000001,0.129999995,0.150000006,37,50,53,22,33,39,6,12,15,0.32,0.32,0,1.399999976,2,6.599999905,7.800000191,8.399999619,566.3809814,16.05999947,0,52
2209801,Dockum,33.767778,-100.921667,0.8,Sandy clay loam,278,3,6,8,670,906,1143,25,42.29999924,70,18,30.10000038,35,0.100000001,0.300000012,0.5,4,9,14,0.079999998,0.129999995,0.170000002,32,40,44,27,38,42,11,18,20,0.32,0.32,1,3.599999905,5,7.900000095,8.300000191,9,568.9799805,16.03999901,0,52
2308203,Dockum,33.995556,-101.046945,2.336666667,Clay loam,400,0,0.5,1,853,1128,1524,25,34.70000076,45,27,28.10000038,40,1.5,2.5,3,1.399999976,5.699999809,14,0.119999997,0.170000002,0.180000007,35,41,47,35,43,56,15,19,28,0.32,0.32,0,1,2,7.400000095,7.900000095,8.399999619,564.8389893,15.56999969,0,71
2308303,Dockum,33.962223,-101.036667,1.95,Clay loam,360,0,0.5,1,853,1128,1524,25,34.70000076,45,27,28.10000038,40,1.5,2.5,3,1.399999976,5.699999809,14,0.119999997,0.170000002,0.180000007,35,41,47,35,43,56,15,19,28,0.32,0.32,0,1,2,7.400000095,7.900000095,8.399999619,565.5089722,15.59999943,0,71
2315603,Dockum,33.823055,-101.127778,2.97,Clay loam,517,0,0.400000006,1,975,1189,1402,10,22,30,35,39.09999847,50,0.100000001,0.25999999,0.5,0.100000001,0.600000024,1,0.150000006,0.170000002,0.200000003,38,44,46,43,48,60,23,27,36,0.37,0.37,0,0.800000012,2,7.900000095,8.100000381,8.399999619,546.5029907,15.62999916,1,82
2316802,Dockum,33.78,-101.065834,2.61,Clay loam,384,0,0.400000006,1,975,1189,1402,10,22,30,35,39.09999847,50,0.100000001,0.25999999,0.5,0.100000001,0.600000024,1,0.150000006,0.170000002,0.200000003,38,44,46,43,48,60,23,27,36,0.37,0.37,0,0.800000012,2,7.900000095,8.100000381,8.399999619,558.2659912,15.68999958,1,82
2323501,Dockum,33.681389,-101.171111,4.598333333,Loam,237,3,4,5,548.5999756,731.5,906.7999878,35,58,70,18,21,35,0.300000012,0.449999988,0.75,4,9,14,0.079999998,0.119999997,0.170000002,35,39,43,28,31,44,9,12,22,0.32,0.32,0,1,2,7.900000095,8.199999809,9,549.5570068,16.29999924,0,71
2323802,Dockum,33.666112,-101.200278,2.625,Loam,465,5,15,20,732,1128,1311,35,49.29999924,75,12,22.60000038,30,0.100000001,0.300000012,0.5,4,9,14,0.050000001,0.07,0.090000004,24,38,48,22,32,37,6,13,15,0.17,0.32,0,0.899999976,2,7.900000095,8.399999619,9,550.5750122,15.97999954,0,71
2331301,Dockum,33.598611,-101.155278,3.035,Loam,80,3,4,5,548.5999756,731.5,906.7999878,35,58,70,18,21,35,0.300000012,0.449999988,0.75,4,9,14,0.079999998,0.119999997,0.170000002,35,39,43,28,31,44,9,12,22,0.32,0.32,0,1,2,7.900000095,8.199999809,9,549.4779053,16.45999908,0,52
2331501,Dockum,33.564723,-101.208334,3,Clay loam,180,5,7,8,823,1128,1433,20,32.90000153,60,20,33.5,40,0.050000001,0.100000001,0.5,4,9,14,0.090000004,0.109999999,0.140000001,26,33,42,24,38,49,4,17,27,0.28,0.28,0,0.200000003,1,7.900000095,8.199999809,8.399999619,547.5079956,16.15999985,0,71
2339503,Dockum,33.4425,-101.203612,3.64,Fine sandy loam,40,0,0.5,2,670,914,1158,53,73.19999695,90,3,13,20,0.050000001,0.200000003,0.5,14,28,141,0.100000001,0.119999997,0.150000006,34,41,45,0,24,28,0,7,9,0.24,0.24,0,0.5,1,7.900000095,8.399999619,8.399999619,545.9469604,16.76000023,0,71
2345801,Dockum,33.279444,-101.419722,0.29,Clay loam,750,0,0.5,1,671,1022,1372,0,34.70000076,0,25,32.5,40,0.100000001,0.300000012,0.5,1.399999976,2.700000048,4,0.100000001,0.129999995,0.159999996,0,39,0,20,31.5,43,8,17.5,27,0.32,0.32,0,1,2,7.900000095,8.199999809,8.399999619,542.4160156,17.1099987,0,52
2353202,Dockum,33.238334,-101.445278,0.39,Sandy clay loam,1000,0,0.5,1,853,1120,1524,25,43,65,22,37,40,0.100000001,0.300000012,0.5,4,9,14,0.100000001,0.129999995,0.159999996,32,37,44,32,40,51,15,17,29,0.24,0.24,0,1,2,7.900000095,8.5,9,551.4660034,16.62999916,0,52
2353203,Dockum,33.238334,-101.449722,0.2,Sandy clay loam,1065,0,0.5,1,853,1120,1524,25,43,65,22,37,40,0.100000001,0.300000012,0.5,4,9,14,0.100000001,0.129999995,0.159999996,32,37,44,32,40,51,15,17,29,0.24,0.24,0,1,2,7.900000095,8.5,9,548.7210083,16.62999916,0,52
2354707,Dockum,33.155001,-101.349445,0.295,Fine sandy loam,658,3,4,5,518,716,914,0,66.09999847,0,10,14,18,0.5,0.75,1,14,28,42,0.100000001,0.119999997,0.140000001,0,40,0,15,20,25,1,4,7,0.28,0.28,0,1,2,7.900000095,8.199999809,8.399999619,560.7739868,17.43000031,0,52
2363501,Dockum,33.042222,-101.17,0.79,Loam,150,1,2,3,671,1022,1372,0,34.70000076,0,25,32.5,40,0.100000001,0.300000012,0.5,1.399999976,2.700000048,4,0.100000001,0.129999995,0.159999996,0,39,0,20,31.5,43,8,17.5,27,0.32,0.32,0,1,2,7.900000095,8.199999809,8.399999619,516.7879639,17.35000038,0,71
2364201,Dockum,33.091389,-101.059723,0.28,Clay loam,65,2,7,12,305,534,762,0,30.20000076,0,35,37.5,40,0.5,1.25,2,0.419999987,1,1.399999976,0.119999997,0.150000006,0.170000002,0,39,0,35,42.5,50,17,23.5,30,0.32,0.32,0,1,2,7.900000095,8.199999809,8.399999619,511.6099854,17.28999901,0,71
2421805,Dockum,33.646667,-102.449722,0.1,Fine sandy loam,2051,0,1,3,792,1097,1524,55,73.09999847,85,6,17.10000038,20,0.5,0.699999988,1,14,28,42,0.090000004,0.109999999,0.150000006,37,43,46,18,29,33,3,11,13,0.32,0.32,0,0.699999988,1,6.599999905,6.900000095,8.399999619,459.1340027,15.28999996,1,82
2701617,Dockum,32.927778,-102.905278,1.25,Loamy fine sand,2150,0,1,3,792,1097,1402,70,87.5,90,3,8.100000381,12,0.5,0.75,0.899999976,42,92,141,0.059999999,0.100000001,0.150000006,35,38,41,0,21,25,0,4,7,0.1,0.1,0,0.5,1,6.599999905,8.100000381,8.399999619,440.0130005,16.02999878,0,23
2706611,Dockum,32.936945,-102.258334,0.275,Sandy clay loam,1380,0,2,3,792,1128,1311,47,70.59999847,80,18,25.39999962,32,0.100000001,0.300000012,0.5,4,9,14,0.090000004,0.119999997,0.140000001,35,36,37,29,36,39,13,17,22,0.15,0.15,0,0.5,1,6.099999905,6.300000191,7.800000191,439.6169739,16.25,1,82
2706612,Dockum,32.938889,-102.259723,2,Sandy clay loam,1380,0,2,3,792,1128,1311,47,70.59999847,80,18,25.39999962,32,0.100000001,0.300000012,0.5,4,9,14,0.090000004,0.119999997,0.140000001,35,36,37,29,36,39,13,17,22,0.15,0.15,0,0.5,1,6.099999905,6.300000191,7.800000191,439.9679871,16.19999886,1,82
2707302,Dockum,32.959445,-102.156667,0.1,Loamy fine sand,1965,1,3,5,792,1097,1555,78,84.90000153,88,5,10.89999962,14,0.300000012,0.5,0.699999988,42,92,141,0.109999999,0.129999995,0.150000006,37,42,48,17,23,26,2,6,9,0.24,0.24,0,0.5,1,6.599999905,8,8.399999619,445.868988,16.25,1,82
2707604,Dockum,32.945556,-102.151667,0.1,Loamy fine sand,1754,0,1,3,792,1097,1555,75,85.19999695,90,4,9,12,0.400000006,0.600000024,0.899999976,42,92,141,0.109999999,0.129999995,0.150000006,37,43,48,16,21,25,1,5,7,0.2,0.2,0,1,2,6.599999905,7.400000095,8.399999619,445.519989,16.25,0,71
2711506,Dockum,32.814445,-102.669722,1.3,Loamy fine sand,5355,0,1,3,792,1097,1524,78,84.90000153,88,5,10.89999962,14,0.300000012,0.5,0.699999988,42,92,141,0.109999999,0.129999995,0.150000006,37,42,48,17,23,26,2,6,9,0.32,0.32,0,0.5,1,6.599999905,8,8.399999619,414.0950012,16.3599987,0,52
2734201,Dockum,32.480278,-102.831389,0.4,Sandy clay loam,4625,0,4,8,762,877,991,0,55.79999924,0,18,26.5,35,0,0.25,0.5,4,9,14,0.100000001,0.129999995,0.150000006,0,37,0,20,27.5,35,7,12.5,18,0.2,0.2,0,0,0,6.599999905,7.5,8.399999619,378.5650024,16.89999962,0,52
2750201,Dockum,32.2191667,-102.8313889,1.19,Sandy clay loam,800,0,4,8,762,877,991,0,55.79999924,0,18,26.5,35,0,0.25,0.5,4,9,14,0.100000001,0.129999995,0.150000006,0,37,0,20,27.5,35,7,12.5,18,0.2,0.2,0,0,0,6.599999905,7.5,8.399999619,358.7268982,17.25,0,52
2751602,Dockum,32.206667,-102.639445,1.85,Sandy clay loam,1556,0,4,8,762,877,991,0,55.79999924,0,18,26.5,35,0,0.25,0.5,4,9,14,0.100000001,0.129999995,0.150000006,0,37,0,20,27.5,35,7,12.5,18,0.2,0.2,0,0,0,6.599999905,7.5,8.399999619,365.4909973,17.64999962,0,21
2752103,Dockum,32.228889,-102.612501,2.65,Sandy clay loam,1634,0,3,5,762,884,1006,0,55.09999847,0,20,27.5,35,0.5,0.75,1,4,9,14,0.100000001,0.129999995,0.159999996,0,44,0,20,27.5,35,7,12,17,0.2,0.2,0,0,0,7.900000095,8.199999809,8.399999619,365.9759827,17.64999962,0,52
2752703,Dockum,32.160556,-102.602223,0.8,Sandy clay loam,1600,0,4,8,762,877,991,0,55.79999924,0,18,26.5,35,0,0.25,0.5,4,9,14,0.100000001,0.129999995,0.150000006,0,37,0,20,27.5,35,7,12.5,18,0.2,0.2,0,0,0,6.599999905,7.5,8.399999619,363.6519775,17.75,0,52
2753806,Dockum,32.146111,-102.439445,2.38,Loam,1482,0,1.5,3,762,1205,1463,30,48.09999847,52,15,22.39999962,26,1.5,2.299999952,3,4,9,14,0.100000001,0.140000001,0.159999996,44,46,47,28,38,43,9,15,18,0.37,0.37,0,0.5,1,7.400000095,8,8.399999619,365.2420044,17.84000015,0,71
2755103,Dockum,32.213056,-102.218611,2.692,Sandy clay loam,1600,0,3,5,762,884,1006,0,55.09999847,0,20,27.5,35,0.5,0.75,1,4,9,14,0.100000001,0.129999995,0.159999996,0,44,0,20,27.5,35,7,12,17,0.2,0.2,0,0,0,7.900000095,8.199999809,8.399999619,381.803894,18.01000023,0,21
2755105,Dockum,32.245278,-102.216389,2.48,Sandy clay loam,1750,0,4,8,762,877,991,0,55.79999924,0,18,26.5,35,0,0.25,0.5,4,9,14,0.100000001,0.129999995,0.150000006,0,37,0,20,27.5,35,7,12.5,18,0.2,0.2,0,0,0,6.599999905,7.5,8.399999619,383.8278809,17.87999916,0,52
2755401,Dockum,32.204445,-102.235278,3.276666667,Loam,1600,0,2,3,762,1205,1463,30,48.09999847,52,15,22.39999962,26,1.5,2.299999952,3,4,9,14,0.100000001,0.140000001,0.159999996,44,46,47,28,38,43,9,15,18,0.37,0.37,0,0.5,1,7.400000095,8,8.399999619,380.1319885,18.02000046,0,22
2819201,Dockum,32.716389,-101.678055,0.1,Loam,1076,1,2,3,670,906,1143,30,31.20000076,50,18,23.5,27,2,3.5,4,4,9,14,0.150000006,0.180000007,0.189999998,39,46,48,32,41,46,10,16,19,0.37,0.37,0,0.800000012,2,7.400000095,7.599999905,8.399999619,479.1340027,17.27000046,0,52
2819402,Dockum,32.684445,-101.738889,2.19,Fine sandy loam,1390,1,2,3,792,1097,1463,52,65.59999847,80,8,17.29999924,20,0.5,0.699999988,1,14,28,42,0.100000001,0.129999995,0.150000006,38,41,44,20,28,31,4,10,10,0.28,0.28,0,1,2,7.900000095,8,8.399999619,470.6159973,16.71999931,1,82
2819403,Dockum,32.686667,-101.748889,2.56,Fine sandy loam,1390,0,0.5,1,792,1097,1555,55,67.19999695,85,10,14.89999962,15,0.5,0.850000024,1,14,28,42,0.109999999,0.150000006,0.159999996,36,41,48,22,27,28,6,9,9,0.32,0.32,0,0.5,1,6.599999905,8,8.399999619,469.4259949,16.71999931,0,23
2819407,Dockum,32.691945,-101.741389,2.57,Fine sandy loam,1350,0,0.5,1,792,1097,1463,52,65.59999847,80,8,17.29999924,20,0.5,0.699999988,1,14,28,42,0.100000001,0.129999995,0.150000006,38,41,44,20,28,31,4,10,10,0.28,0.28,0,1,2,7.900000095,8,8.399999619,471.0639954,16.69999886,0,22
2819504,Dockum,32.704445,-101.669167,1.6,Clay loam,1060,1,2,3,670,906,1143,25,32.29999924,50,18,31.60000038,35,1.5,2.5,3,4,9,14,0.119999997,0.159999996,0.180000007,42,44,47,31,47,51,12,22,23,0.28,0.28,0,1,2,7.900000095,8.199999809,8.399999619,479.5749817,17.27000046,0,52
2819505,Dockum,32.704445,-101.674167,1.695,Clay loam,1125,1,2,3,670,906,1143,25,32.29999924,50,18,31.60000038,35,1.5,2.5,3,4,9,14,0.119999997,0.159999996,0.180000007,42,44,47,31,47,51,12,22,23,0.28,0.28,0,1,2,7.900000095,8.199999809,8.399999619,478.6489868,17.27000046,0,52
2819604,Dockum,32.698889,-101.659445,1.6,Clay loam,1100,1,2,3,670,906,1143,25,32.29999924,50,18,31.60000038,35,1.5,2.5,3,4,9,14,0.119999997,0.159999996,0.180000007,42,44,47,31,47,51,12,22,23,0.28,0.28,0,1,2,7.900000095,8.199999809,8.399999619,479.9159851,17.27000046,0,52
2827601,Dockum,32.576667,-101.660556,1.8,Clay,1121,1,2,3,670,906,1143,15,21.5,40,28,45,55,0.300000012,0.699999988,0.899999976,0.419999987,1,14,0.100000001,0.119999997,0.140000001,43,46,52,38,54,62,19,32,37,0.32,0.32,0,0.899999976,2,7.900000095,8.199999809,8.399999619,474.0349731,17.09000015,0,52
2828805,Dockum,32.514167,-101.565278,1.955714286,Fine sandy loam,139,0,1,3,792,1097,1524,55,73.09999847,85,6,17.10000038,20,0.5,0.699999988,1,14,28,42,0.090000004,0.109999999,0.150000006,37,43,46,18,29,33,3,11,13,0.32,0.32,0,0.699999988,1,6.599999905,6.900000095,8.399999619,473.7659912,17.23989868,0,23
2830907,Dockum,32.516667,-101.255278,1.18,Clay loam,50,0,0.5,2,670,1097,1433,30,41.20000076,65,22,29.60000038,35,0.300000012,0.460000008,1,4,9,14,0.090000004,0.119999997,0.140000001,35,38,43,32,39,45,14,20,22,0.28,0.28,0,1,2,7.900000095,8.199999809,8.399999619,510.9919739,17.69999886,0,52
2832304,Dockum,32.593889,-101.001945,0.273333333,Fine sandy loam,125,1,2,3,457.2000122,617.2000122,944.9000244,40,55,65,18,28,35,0,0.25,0.5,4,9,14,0.079999998,0.150000006,0.170000002,35,38,41,25,38,45,13,19,25,0.24,0.24,0,0,2,6.400000095,7.5,8.399999619,539.2808838,17.67000008,0,23
2838103,Dockum,32.498056,-101.353056,1.82,Loam,1000,1,1.5,3,823,1128,1433,25,55.59999847,70,18,24.89999962,35,0.100000001,0.25,0.400000006,4,9,14,0.090000004,0.109999999,0.129999995,35,40,41,23,31,43,3,11,22,0.24,0.24,0,0.100000001,1,7.900000095,8.5,9,490.4639893,17.55999947,0,21
2838601,Dockum,32.4175,-101.278611,0.2,Clay,72,0,0.5,1,335,457,579,0,22.10000038,0,40,50,60,0,0.25,0.5,0.01,0.209999993,0.419999987,0.050000001,0.059999999,0.07,0,38,0,45,52.5,60,19,26.5,34,0.24,0.24,2,6,16,7.900000095,8.5,9,489.6759949,17.75,0,52
2839101,Dockum,32.466667,-101.229444,2.455,Clay loam,110,0,0.5,1,1036,1219,1615,27,53.90000153,70,20,32.5,40,0.100000001,0.200000003,0.400000006,4,9,14,0.07,0.119999997,0.150000006,27,32,39,28,38,49,11,18,26,0.2,0.2,0,1,2,7.900000095,8.199999809,8.399999619,505.9689941,17.72999954,1,82
2839109,Dockum,32.459723,-101.2375,3.37,Clay loam,210,0,0.5,1,1036,1219,1615,27,53.90000153,70,20,32.5,40,0.100000001,0.200000003,0.400000006,4,9,14,0.07,0.119999997,0.150000006,27,32,39,28,38,49,11,18,26,0.2,0.2,0,1,2,7.900000095,8.199999809,8.399999619,504.4609985,17.72999954,0,21
2846801,Dockum,32.276667,-101.309445,1.635,Sandy clay loam,221,1,2,3,792,1097,1463,30,48.5,70,20,33.59999847,40,0.100000001,0.25,0.5,4,9,14,0.090000004,0.109999999,0.129999995,34,39,42,27,38,48,8,16,23,0.2,0.2,0,1,2,7.900000095,8.399999619,9,479.5669861,17.77999878,1,82
2846802,Dockum,32.276389,-101.309445,2.445,Sandy clay loam,175,1,2,3,792,1097,1463,30,48.5,70,20,33.59999847,40,0.100000001,0.25,0.5,4,9,14,0.090000004,0.109999999,0.129999995,34,39,42,27,38,48,8,16,23,0.2,0.2,0,1,2,7.900000095,8.399999619,9,479.5669861,17.77999878,1,82
2864501,Dockum,32.046945,-101.080555,0.465,Silt loam,47,1,2,3,610,724,838,0,6.800000191,0,24,31.5,35,0.100000001,0.300000012,0.5,4,9,14,0.119999997,0.150000006,0.180000007,0,40,0,31,35.5,40,13,16.5,20,0.43,0.43,0,1,2,7.900000095,8.199999809,8.399999619,513.3689575,17.79999924,0,52
2901601,Dockum,32.938889,-100.898056,0.226666667,Fine sandy loam,147,2,10,20,624.7999878,701,807.7000122,53,63,78,5,12,18,0.100000001,0.550000012,1,4,9,14,0.079999998,0.119999997,0.150000006,33,41,46,15,20,28,1,5,9,0.28,0.28,0,0.5,2,7.900000095,8.199999809,8.399999619,536.2709961,17.29999924,0,71
2909302,Dockum,32.8583333,-100.8986111,0.87,Clay,115,3,15,30,655.2999878,746.7999878,838.2000122,5,15,35,40,50,60,0.5,1.25,2,0.01,0.209999993,0.419999987,0.119999997,0.150000006,0.170000002,35,42,46,40,55,60,19,26,31,0.28,0.28,0,1,2,7.400000095,8,9,540.9209595,17.35000038,0,71
2909813,Dockum,32.7508333,-100.9188889,0.81,Silty clay loam,227,1,2,3,365,701,823,17,35,53,20,28,35,0.25,0.5,0.75,4,9,14,0.100000001,0.150000006,0.180000007,33,38,46,28,34,43,11,16,25,0.43,0.43,0,1,2,7.900000095,8.199999809,8.399999619,543.3999634,17.42000008,0,23
2910602,Dockum,32.793889,-100.778333,1.18,Fine sandy loam,285,1,2,3,457.2000122,617.2000122,944.9000244,40,55,65,18,28,35,0,0.25,0.5,4,9,14,0.079999998,0.150000006,0.170000002,35,38,41,25,38,45,13,19,25,0.24,0.24,0,0,2,6.400000095,7.5,8.399999619,553.7589722,17.51000023,0,21
2910902,Dockum,32.79,-100.785834,3.07,Fine sandy loam,297,1,2,3,457.2000122,617.2000122,944.9000244,40,55,65,18,28,35,0,0.25,0.5,4,9,14,0.079999998,0.150000006,0.170000002,35,38,41,25,38,45,13,19,25,0.24,0.24,0,0,2,6.400000095,7.5,8.399999619,552.6939697,17.51000023,0,52
2917308,Dockum,32.7172222,-100.9136111,0.8,Fine sandy loam,173,1,2,3,457.2000122,617.2000122,944.9000244,40,55,65,18,28,35,0,0.25,0.5,4,9,14,0.079999998,0.150000006,0.170000002,35,38,41,25,38,45,13,19,25,0.24,0.24,0,0,2,6.400000095,7.5,8.399999619,543.1170044,17.46999931,0,24
2917309,Dockum,32.7175,-100.895,1.04,Fine sandy loam,215,1,2,3,457.2000122,617.2000122,944.9000244,40,55,65,18,28,35,0,0.25,0.5,4,9,14,0.079999998,0.150000006,0.170000002,35,38,41,25,38,45,13,19,25,0.24,0.24,0,0,2,6.400000095,7.5,8.399999619,543.5219727,17.45999908,0,23
2917704,Dockum,32.641667,-100.974167,1.35,Silty clay loam,382,1,2,3,365,701,823,17,35,53,20,28,35,0.25,0.5,0.75,4,9,14,0.100000001,0.150000006,0.180000007,33,38,46,28,34,43,11,16,25,0.43,0.43,0,1,2,7.900000095,8.199999809,8.399999619,541.2600098,17.60000038,0,52
2917706,Dockum,32.6425,-100.971389,1.04,Silty clay loam,220,1,2,3,365,701,823,17,35,53,20,28,35,0.25,0.5,0.75,4,9,14,0.100000001,0.150000006,0.180000007,33,38,46,28,34,43,11,16,25,0.43,0.43,0,1,2,7.900000095,8.199999809,8.399999619,541.2600098,17.60000038,1,82
2918401,Dockum,32.685834,-100.845556,1.993333333,Fine sandy loam,218,1,2,3,457.2000122,617.2000122,944.9000244,40,55,65,18,28,35,0,0.25,0.5,4,9,14,0.079999998,0.150000006,0.170000002,35,38,41,25,38,45,13,19,25,0.24,0.24,0,0,2,6.400000095,7.5,8.399999619,546.407959,17.44999886,0,31
2919204,Dockum,32.730278,-100.690834,1.01,Fine sandy loam,40,1,2,3,457.2000122,617.2000122,944.9000244,40,55,65,18,28,35,0,0.25,0.5,4,9,14,0.079999998,0.150000006,0.170000002,35,38,41,25,38,45,13,19,25,0.24,0.24,0,0,2,6.400000095,7.5,8.399999619,566.2529907,17.51000023,0,71
2919205,Dockum,32.728889,-100.693056,1.035,Fine sandy loam,80,1,2,3,457.2000122,617.2000122,944.9000244,40,55,65,18,28,35,0,0.25,0.5,4,9,14,0.079999998,0.150000006,0.170000002,35,38,41,25,38,45,13,19,25,0.24,0.24,0,0,2,6.400000095,7.5,8.399999619,566.0459595,17.54999924,0,23
2920701,Dockum,32.655556,-100.610001,0.74,Silty clay,180,1,2,3,335,488,640,17,29.60000038,0,35,40,45,0.5,0.75,1,1.399999976,2.700000048,4,0.119999997,0.150000006,0.180000007,0,42,0,30,40,50,15,22.5,30,0.24,0.24,0,0,0,7.900000095,8.199999809,8.399999619,575.9489746,17.62999916,1,82
2925405,Dockum,32.558612,-100.976111,0.33,Fine sandy loam,510,1,2,3,457.2000122,617.2000122,944.9000244,40,55,65,18,28,35,0,0.25,0.5,4,9,14,0.079999998,0.150000006,0.170000002,35,38,41,25,38,45,13,19,25,0.24,0.24,0,0,2,6.400000095,7.5,8.399999619,539.7189941,17.77000046,0,71
2927301,Dockum,32.605278,-100.640834,2.31,Loam,140,1,2,3,671,907,1143,0,34.70000076,50,20,27.5,35,0.100000001,0.300000012,0.5,4,9,14,0.100000001,0.129999995,0.150000006,0,37,0,20,30,40,8,16,24,0.32,0.32,0,1,2,7.900000095,8.199999809,8.399999619,569.4899902,17.55999947,0,71
2927303,Dockum,32.607223,-100.631667,1.26,Loam,85,3,4,5,671,907,1143,0,34.70000076,50,20,27.5,35,0.100000001,0.300000012,0.5,4,9,14,0.100000001,0.129999995,0.150000006,0,37,0,20,30,40,8,16,24,0.32,0.32,0,1,2,7.900000095,8.199999809,8.399999619,570.2550049,17.55999947,0,22
2935811,Dockum,32.389445,-100.683611,1.96,Fine sandy loam,160,1,2,3,518,716,914,0,66.09999847,0,10,14,18,0.5,0.75,1,14,28,42,0.100000001,0.119999997,0.140000001,0,40,0,15,20,25,1,4,7,0.28,0.28,0,1,2,7.900000095,8.199999809,8.399999619,558.6159668,17.59000015,0,52
2936109,Dockum,32.49,-100.5883333,1.945,Loam,170,1,3,5,671,907,1143,0,34.40000153,0,20,28,35,0.100000001,0.300000012,0.5,4,9,14,0.100000001,0.140000001,0.180000007,0,40,0,25,32.5,40,11,17.5,24,0.32,0.32,0,1,2,7.900000095,8.199999809,8.399999619,551.8309937,17.62999916,0,52
2936504,Dockum,32.443889,-100.545,1.31,Clay,160,0,0.5,1,457,730,866,15,22.10000038,0,40,50,60,0.5,0.75,1,0.01,0.209999993,0.419999987,0.090000004,0.119999997,0.140000001,0,41,0,50,60,70,29,36,44,0.17,0.24,0,1,2,7.400000095,7.699999809,8.399999619,542.6959839,17.61999893,0,21
2936529,Dockum,32.443056,-100.545834,1.225,Clay,200,0,0.5,1,457,730,866,15,22.10000038,0,40,50,60,0.5,0.75,1,0.01,0.209999993,0.419999987,0.090000004,0.119999997,0.140000001,0,41,0,50,60,70,29,36,44,0.17,0.24,0,1,2,7.400000095,7.699999809,8.399999619,542.6959839,17.61999893,1,82
2943606,Dockum,32.295278,-100.633055,0.67,Loam,210,1,3,5,671,907,1143,0,34.40000153,0,20,28,35,0.100000001,0.300000012,0.5,4,9,14,0.100000001,0.140000001,0.180000007,0,40,0,25,32.5,40,11,17.5,24,0.32,0.32,0,1,2,7.900000095,8.199999809,8.399999619,566.2369995,17.55999947,1,82
4408604,Dockum,31.934167,-101.031944,0.83,Loam,292,3,10,30,602,754.4000244,838.2000122,23,30,40,20,24,27,3,7,12,4,9,14,0.039999999,0.079999998,0.100000001,9,17,36,28,35,40,7,15,20,0.05,0.24,0,1,2,7.400000095,8,8.399999619,513.7189941,17.70999908,0,52
4436809,Dockum,31.396111,-101.545556,2.5,Silty clay,700,1,2,3,457,648,838,0,7.699999809,0,35,42.5,50,0.5,0.75,1,1.399999976,2.700000048,4,0.140000001,0.170000002,0.200000003,0,41,0,37,48.5,60,20,29,38,0.32,0.32,0,1,2,7.900000095,8.199999809,8.399999619,451.0309753,17.97999954,0,52
4460803,Dockum,31.041667,-101.560556,2.506666667,Silty clay,440,0,1,2,457,648,838,0,7.599999905,0,30,37.5,45,0.200000003,0.349999994,0.5,1.399999976,2.700000048,4,0.140000001,0.170000002,0.200000003,0,36,0,30,39.5,49,15,22.5,30,0.37,0.37,0,1,2,7.900000095,8.199999809,8.399999619,456.3819885,17.84000015,0,52
4461705,Dockum,31.018055,-101.459445,1.5,Loam,660,0,3,5,335,777,1219,0,42.09999847,0,10,20,30,1,2,3,4,9,14,0.079999998,0.109999999,0.140000001,0,34,0,25,32.5,40,8,14,20,0.24,0.43,0,0,0,7.900000095,8.199999809,8.399999619,467.6749878,17.94999886,0,52
4535315,Dockum,31.488056,-102.649445,1.225,Fine sand,445,8,12,15,15,633,1250,0,94.40000153,0,1,5,9,0.5,0.75,1,42,92,141,0.02,0.050000001,0.079999998,0,37,0,0,12.5,25,0,1.5,3,0.1,0.1,0,1,2,6.099999905,7.300000191,8.399999619,343.3439941,18.73989868,0,52
4536301,Dockum,31.493334,-102.532778,1.5,Loam,259,1,3,5,701,884,1067,0,45.29999924,0,5,11.5,18,0.100000001,0.300000012,0.5,14,28,42,0.02,0.039999999,0.050000001,0,31,0,15,18.5,22,2,4.5,7,0.17,0.32,0,1,2,7.900000095,8.199999809,8.399999619,344.7879944,18.64999962,0,52
4554501,Dockum,31.2023556,-102.3198972,2.48,Silty clay loam,200,0,2,3,914,1295,1676,0,6.800000191,0,28,31.5,35,0.5,0.75,1,1.399999976,2.700000048,4,0.180000007,0.189999998,0.200000003,0,50,0,35,37.5,40,15,17.5,20,0.37,0.37,2,3,4,7.400000095,7.900000095,8.399999619,356.0050049,19.21999931,0,52
4604503,Dockum,31.949445,-103.583611,2.51,Fine sandy loam,425,0,3,5,610,801,991,0,63.09999847,0,3,10.5,18,0.100000001,0.300000012,0.5,42,92,141,0.090000004,0.109999999,0.129999995,0,34,0,15,20,25,0,3.5,7,0.2,0.32,0,1,2,6.599999905,7.5,8.399999619,321.3989868,18.07989883,0,52
4605404,Dockum,31.946945,-103.478611,0.97,Fine sandy loam,320,1,3,5,686,800,914,0,59.29999924,0,5,17,18,0.5,0.75,1,4,9,14,0.119999997,0.150000006,0.170000002,0,41,0,20,30,40,5,12.5,20,0.32,0.32,0,1,2,7.400000095,7.900000095,8.399999619,324.8970032,17.76000023,0,52
4608417,Dockum,31.951945,-103.113056,1.525,Loamy fine sand,470,1,3,5,732,900,1067,0,91.30000305,0,3,7.5,12,0.100000001,0.300000012,0.5,42,92,141,0.029999999,0.059999999,0.090000004,0,38,0,16,19,22,0,1.5,3,0.02,0.02,0,1,2,6.599999905,7.199999809,7.800000191,318.3859863,18.18999863,0,52
4612502,Dockum,31.801945,-103.545,1.4,Fine sandy loam,327,1,3,5,610,801,991,0,66.90000153,0,8,13,18,0.100000001,0.300000012,0.5,14,28,42,0.079999998,0.109999999,0.140000001,0,43,0,16,20.5,25,0,3.5,7,0.28,0.28,0,1,2,6.599999905,7.5,8.399999619,308.1300049,18.38999939,0,71
4612802,Dockum,31.7688889,-103.5766667,0.72,Silty clay loam,262,0,0.5,1,762,838,914,0,7.300000191,0,18,26.5,35,0.100000001,0.550000012,1,1.399999976,2.700000048,4,0.140000001,0.170000002,0.200000003,0,45,0,28,36.5,45,10,17.5,25,0.49,0.49,0,1,2,6.599999905,7.5,8.399999619,304.5839844,18.47999954,0,52
4612902,Dockum,31.765556,-103.505278,1.81,Fine sandy loam,285,1,3,5,686,800,914,0,59.29999924,0,5,17,18,0.5,0.75,1,4,9,14,0.119999997,0.150000006,0.170000002,0,41,0,20,30,40,5,12.5,20,0.32,0.32,0,1,2,7.400000095,7.900000095,8.399999619,306.2969971,18.43000031,0,52
4613403,Dockum,31.823611,-103.481111,1.17,Fine sandy loam,330,0,3,5,610,801,991,0,63.09999847,0,3,10.5,18,0.100000001,0.300000012,0.5,42,92,141,0.090000004,0.109999999,0.129999995,0,34,0,15,20,25,0,3.5,7,0.2,0.32,0,1,2,6.599999905,7.5,8.399999619,312.4408875,18.23989868,0,52
4613601,Dockum,31.802778,-103.401945,1.96,Fine sandy loam,365,1,3,5,686,800,914,0,59.29999924,0,5,17,18,0.5,0.75,1,4,9,14,0.119999997,0.150000006,0.170000002,0,41,0,20,30,40,5,12.5,20,0.32,0.32,0,1,2,7.400000095,7.900000095,8.399999619,309.6099854,18.19999886,0,52
4613901,Dockum,31.785,-103.4097222,1.35,Fine sandy loam,200,1,3,5,686,800,914,0,59.29999924,0,5,17,18,0.5,0.75,1,4,9,14,0.119999997,0.150000006,0.170000002,0,41,0,20,30,40,5,12.5,20,0.32,0.32,0,1,2,7.400000095,7.900000095,8.399999619,309.0289917,18.19999886,0,52
4616101,Dockum,31.8472417,-103.1025,0.574,Fine sandy loam,405,1,3,5,686,800,914,0,59.29999924,0,5,17,18,0.5,0.75,1,4,9,14,0.119999997,0.150000006,0.170000002,0,41,0,20,30,40,5,12.5,20,0.32,0.32,0,1,2,7.400000095,7.900000095,8.399999619,305.3638916,18.3599987,0,21
4616114,Dockum,31.866112,-103.097222,1.63,Fine sandy loam,273,1,3,5,610,801,991,0,66.90000153,0,8,13,18,0.100000001,0.300000012,0.5,14,28,42,0.079999998,0.109999999,0.140000001,0,43,0,16,20.5,25,0,3.5,7,0.28,0.28,0,1,2,6.599999905,7.5,8.399999619,307.4830017,18.28999901,0,22
4616128,Dockum,31.847778,-103.093056,0.723333333,Fine sandy loam,525,1,3,5,610,801,991,0,66.90000153,0,8,13,18,0.100000001,0.300000012,0.5,14,28,42,0.079999998,0.109999999,0.140000001,0,43,0,16,20.5,25,0,3.5,7,0.28,0.28,0,1,2,6.599999905,7.5,8.399999619,306.7550049,18.3599987,0,23
4616201,Dockum,31.8558722,-103.0798583,0.98,Fine sandy loam,393,1,3,5,610,801,991,0,66.90000153,0,8,13,18,0.100000001,0.300000012,0.5,14,28,42,0.079999998,0.109999999,0.140000001,0,43,0,16,20.5,25,0,3.5,7,0.28,0.28,0,1,2,6.599999905,7.5,8.399999619,309.0130005,18.28999901,0,23
4623701,Dockum,31.659075,-103.2378944,1.746666667,Fine sandy loam,160,1,3,5,686,800,914,0,59.29999924,0,5,17,18,0.5,0.75,1,4,9,14,0.119999997,0.150000006,0.170000002,0,41,0,20,30,40,5,12.5,20,0.32,0.32,0,1,2,7.400000095,7.900000095,8.399999619,305.5619812,18.6099987,0,52
4629302,Dockum,31.623333,-103.402223,0.633333333,Fine sandy loam,176,0,2,3,1219,1311,1402,0,62.5,0,5,11.5,18,1,1.5,2,14,28,42,0.109999999,0.129999995,0.150000006,0,42,0,15,20,25,0,5,10,0.32,0.32,0,0.5,1,7.400000095,7.599999905,7.800000191,305.5820007,18.62999916,0,52
4630101,Dockum,31.585834,-103.352501,0.46,Fine sandy loam,235,1,3,4,610,801,991,0,63.09999847,0,3,10.5,18,0.100000001,0.300000012,0.5,42,92,141,0.090000004,0.109999999,0.129999995,0,34,0,15,20,25,0,3.5,7,0.2,0.32,0,1,2,6.599999905,7.5,8.399999619,307.7460022,18.59000015,0,52
4630801,Dockum,31.502778,-103.295,0.53,Loam,161,1,5,8,686,953,1219,0,45.29999924,0,5,11.5,18,0.5,0.75,1,14,28,42,0.059999999,0.090000004,0.119999997,0,29,0,18,29,40,3,11.5,20,0.2,0.49,0,1,2,7.900000095,8.199999809,8.399999619,312.2739868,18.62999916,0,52
4631702,Dockum,31.5025833,-103.2333333,1.102,Loam,160,1,5,8,686,953,1219,0,45.29999924,0,5,11.5,18,0.5,0.75,1,14,28,42,0.059999999,0.090000004,0.119999997,0,29,0,18,29,40,3,11.5,20,0.2,0.49,0,1,2,7.900000095,8.199999809,8.399999619,318.3869934,18.67000008,0,52
4638102,Dockum,31.471389,-103.339722,1.49,Fine sandy loam,117,0,2,3,1219,1311,1402,0,62.5,0,5,11.5,18,1,1.5,2,14,28,42,0.109999999,0.129999995,0.150000006,0,42,0,15,20,25,0,5,10,0.32,0.32,0,0.5,1,7.400000095,7.599999905,7.800000191,304.6629944,18.72999954,0,52
4638204,Dockum,31.477778,-103.324167,0.66,Loam,120,1,5,8,686,953,1219,0,45.29999924,0,5,11.5,18,0.5,0.75,1,14,28,42,0.059999999,0.090000004,0.119999997,0,29,0,18,29,40,3,11.5,20,0.2,0.49,0,1,2,7.900000095,8.199999809,8.399999619,307.0950012,18.72999954,0,52
4639104,Dockum,31.498889,-103.224167,0.57,Loam,164,1,5,8,686,953,1219,0,45.29999924,0,5,11.5,18,0.5,0.75,1,14,28,42,0.059999999,0.090000004,0.119999997,0,29,0,18,29,40,3,11.5,20,0.2,0.49,0,1,2,7.900000095,8.199999809,8.399999619,319.2669983,18.70999908,0,52
4646201,Dockum,31.353889,-103.331944,0.98,Sandy loam,187,5,8,12,762,1067,1372,0,65.09999847,0,5,16,27,0.100000001,0.300000012,0.5,4,9,14,0.050000001,0.090000004,0.119999997,0,17,0,15,22.5,30,0,3.5,7,0.1,0.24,0,1,2,7.900000095,8.5,9,301.6739807,18.73989868,0,52
4646204,Dockum,31.357223,-103.328611,0.66,Sandy loam,200,5,8,12,762,1067,1372,0,65.09999847,0,5,16,27,0.100000001,0.300000012,0.5,4,9,14,0.050000001,0.090000004,0.119999997,0,17,0,15,22.5,30,0,3.5,7,0.1,0.24,0,1,2,7.900000095,8.5,9,302.7369995,18.77000046,0,52
4646208,Dockum,31.345834,-103.299445,1.33,Sandy loam,160,5,8,12,762,1067,1372,0,65.09999847,0,5,16,27,0.100000001,0.300000012,0.5,4,9,14,0.050000001,0.090000004,0.119999997,0,17,0,15,22.5,30,0,3.5,7,0.1,0.24,0,1,2,7.900000095,8.5,9,306.414978,18.72999954,0,52
4646210,Dockum,31.345834,-103.299167,0.97,Sandy loam,173,5,8,12,762,1067,1372,0,65.09999847,0,5,16,27,0.100000001,0.300000012,0.5,4,9,14,0.050000001,0.090000004,0.119999997,0,17,0,15,22.5,30,0,3.5,7,0.1,0.24,0,1,2,7.900000095,8.5,9,306.414978,18.72999954,0,52
4646218,Dockum,31.3372222,-103.2991667,1.235,Sandy loam,242,5,8,12,762,1067,1372,0,65.09999847,0,5,16,27,0.100000001,0.300000012,0.5,4,9,14,0.050000001,0.090000004,0.119999997,0,17,0,15,22.5,30,0,3.5,7,0.1,0.24,0,1,2,7.900000095,8.5,9,306.5019836,18.72999954,0,52
4646301,Dockum,31.339445,-103.286389,1.43,Sandy loam,223,5,8,12,762,1067,1372,0,65.09999847,0,5,16,27,0.100000001,0.300000012,0.5,4,9,14,0.050000001,0.090000004,0.119999997,0,17,0,15,22.5,30,0,3.5,7,0.1,0.24,0,1,2,7.900000095,8.5,9,308.7229919,18.72999954,0,52
4646502,Dockum,31.305834,-103.317222,1.56,Silty clay loam,190,0,2,3,914,1295,1676,0,26.20000076,0,26,30.5,35,0.100000001,0.300000012,0.5,1.399999976,2.700000048,4,0.159999996,0.189999998,0.209999993,0,43,0,35,37.5,40,15,17.5,20,0.43,0.43,2,3,4,7.900000095,8.199999809,8.399999619,305.2579956,18.70999908,0,21
4646601,Dockum,31.332222,-103.290278,0.96,Sandy loam,252,5,8,12,762,1067,1372,0,65.09999847,0,5,16,27,0.100000001,0.300000012,0.5,4,9,14,0.050000001,0.090000004,0.119999997,0,17,0,15,22.5,30,0,3.5,7,0.1,0.24,0,1,2,7.900000095,8.5,9,307.5929871,18.72999954,0,52
4646602,Dockum,31.325,-103.275555,1.38,Sandy loam,208,5,8,12,762,1067,1372,0,65.09999847,0,5,16,27,0.100000001,0.300000012,0.5,4,9,14,0.050000001,0.090000004,0.119999997,0,17,0,15,22.5,30,0,3.5,7,0.1,0.24,0,1,2,7.900000095,8.5,9,309.8070068,18.72999954,0,52
4654303,Dockum,31.237222,-103.271667,1.12,Silty clay loam,357,0,2,3,914,1295,1676,0,26.20000076,0,26,30.5,35,0.100000001,0.300000012,0.5,1.399999976,2.700000048,4,0.159999996,0.189999998,0.209999993,0,43,0,35,37.5,40,15,17.5,20,0.43,0.43,2,3,4,7.900000095,8.199999809,8.399999619,312.9159851,18.70999908,0,52
4654304,Dockum,31.239167,-103.284722,0.83,Silty clay loam,350,0,2,3,914,1295,1676,0,26.20000076,0,26,30.5,35,0.100000001,0.300000012,0.5,1.399999976,2.700000048,4,0.159999996,0.189999998,0.209999993,0,43,0,35,37.5,40,15,17.5,20,0.43,0.43,2,3,4,7.900000095,8.199999809,8.399999619,311.7940063,18.70999908,0,52
